day_set,season,season_label,days_averaged,hour,poa_wm2,dn_wm2,df_wm2,dc_w,ac_w,tamb_c,tcell_c,wspd_ms,albedo
weekdays,winter,Winter,64,0,0.0,0.0,0.0,0.0,0.0,23.0,23.0,5.267,0.141
weekdays,winter,Winter,64,1,0.0,0.0,0.0,0.0,0.0,22.922,22.922,5.148,0.141
weekdays,winter,Winter,64,2,0.0,0.0,0.0,0.0,0.0,22.906,22.906,5.059,0.141
weekdays,winter,Winter,64,3,0.0,0.0,0.0,0.0,0.0,22.859,22.859,5.006,0.141
weekdays,winter,Winter,64,4,0.0,0.0,0.0,0.0,0.0,22.844,22.844,5.002,0.141
weekdays,winter,Winter,64,5,0.0,0.0,0.0,0.0,0.0,22.875,22.875,5.078,0.141
weekdays,winter,Winter,64,6,0.0,0.0,0.0,0.0,0.0,22.938,22.938,5.194,0.141
weekdays,winter,Winter,64,7,41.592,187.578,25.984,24467.902,19907.483,23.047,23.221,5.497,0.141
weekdays,winter,Winter,64,8,198.143,406.422,77.578,179807.072,169472.23,23.438,26.518,5.789,0.141
weekdays,winter,Winter,64,9,349.648,446.969,134.688,338917.426,322944.671,23.562,29.191,5.878,0.141
weekdays,winter,Winter,64,10,499.255,525.125,169.656,480898.792,459895.073,23.719,31.563,5.823,0.141
weekdays,winter,Winter,64,11,571.978,485.938,221.859,543024.051,519818.987,23.953,33.104,5.678,0.141
weekdays,winter,Winter,64,12,631.383,547.734,214.328,596495.21,571378.751,24.078,34.308,5.547,0.141
weekdays,winter,Winter,64,13,606.7,550.766,198.516,573949.482,549648.607,24.156,34.083,5.473,0.141
weekdays,winter,Winter,64,14,488.66,442.547,200.625,466617.859,446120.171,24.203,32.182,5.427,0.141
weekdays,winter,Winter,64,15,380.534,426.859,153.047,367211.07,350235.759,24.156,30.376,5.434,0.141
weekdays,winter,Winter,64,16,215.67,338.766,95.062,201628.884,190520.809,23.969,27.539,5.416,0.141
weekdays,winter,Winter,64,17,72.31,204.812,41.141,55489.019,49641.332,23.75,24.928,5.353,0.141
weekdays,winter,Winter,64,18,0.0,0.0,0.0,0.0,0.0,23.625,20.688,5.362,0.141
weekdays,winter,Winter,64,19,0.0,0.0,0.0,0.0,0.0,23.422,23.422,5.441,0.141
weekdays,winter,Winter,64,20,0.0,0.0,0.0,0.0,0.0,23.344,23.344,5.484,0.141
weekdays,winter,Winter,64,21,0.0,0.0,0.0,0.0,0.0,23.297,23.297,5.503,0.141
weekdays,winter,Winter,64,22,0.0,0.0,0.0,0.0,0.0,23.172,23.172,5.461,0.141
weekdays,winter,Winter,64,23,0.0,0.0,0.0,0.0,0.0,23.125,23.125,5.33,0.141
weekdays,spring,Spring,66,0,0.0,0.0,0.0,0.0,0.0,23.197,23.197,4.309,0.145
weekdays,spring,Spring,66,1,0.0,0.0,0.0,0.0,0.0,23.076,23.076,4.186,0.145
weekdays,spring,Spring,66,2,0.0,0.0,0.0,0.0,0.0,22.939,22.939,4.115,0.145
weekdays,spring,Spring,66,3,0.0,0.0,0.0,0.0,0.0,22.924,22.924,4.089,0.145
weekdays,spring,Spring,66,4,0.0,0.0,0.0,0.0,0.0,22.894,22.894,4.106,0.145
weekdays,spring,Spring,66,5,0.0,0.0,0.0,0.0,0.0,22.894,22.894,4.253,0.145
weekdays,spring,Spring,66,6,31.872,110.53,18.53,22018.495,18821.919,23.015,21.248,4.591,0.145
weekdays,spring,Spring,66,7,178.881,356.621,71.424,161978.093,152300.708,23.318,26.578,4.944,0.145
weekdays,spring,Spring,66,8,386.464,512.833,124.106,373746.86,356539.96,23.53,30.299,5.108,0.145
weekdays,spring,Spring,66,9,544.355,493.53,200.303,518313.033,495983.579,23.788,33.098,5.159,0.145
weekdays,spring,Spring,66,10,702.497,538.242,246.864,655477.728,628287.983,24.03,36.234,5.089,0.145
weekdays,spring,Spring,66,11,791.193,543.242,282.955,729371.339,686116.091,24.258,38.142,4.87,0.145
weekdays,spring,Spring,66,12,821.078,564.955,274.591,753394.747,694145.994,24.5,38.952,4.647,0.145
weekdays,spring,Spring,66,13,780.47,538.621,274.5,716504.894,671800.801,24.682,38.86,4.53,0.145
weekdays,spring,Spring,66,14,701.183,537.288,245.121,652874.283,625776.789,24.652,37.149,4.591,0.145
weekdays,spring,Spring,66,15,550.14,483.212,207.379,521174.029,498743.198,24.606,34.376,4.652,0.145
weekdays,spring,Spring,66,16,399.347,474.97,150.652,386690.549,369025.003,24.333,31.28,4.767,0.145
weekdays,spring,Spring,66,17,215.815,422.682,85.758,196588.097,185658.636,24.152,27.901,4.839,0.145
weekdays,spring,Spring,66,18,34.142,112.667,23.424,21846.682,17356.158,24.015,23.163,4.85,0.145
weekdays,spring,Spring,66,19,0.0,0.0,0.0,0.0,0.0,23.773,23.773,4.868,0.145
weekdays,spring,Spring,66,20,0.0,0.0,0.0,0.0,0.0,23.606,23.606,4.865,0.145
weekdays,spring,Spring,66,21,0.0,0.0,0.0,0.0,0.0,23.515,23.515,4.792,0.145
weekdays,spring,Spring,66,22,0.0,0.0,0.0,0.0,0.0,23.394,23.394,4.639,0.145
weekdays,spring,Spring,66,23,0.0,0.0,0.0,0.0,0.0,23.288,23.288,4.421,0.145
weekdays,summer,Summer,66,0,0.0,0.0,0.0,0.0,0.0,25.227,25.227,5.691,0.142
weekdays,summer,Summer,66,1,0.0,0.0,0.0,0.0,0.0,25.106,25.106,5.536,0.142
weekdays,summer,Summer,66,2,0.0,0.0,0.0,0.0,0.0,25.0,25.0,5.441,0.142
weekdays,summer,Summer,66,3,0.0,0.0,0.0,0.0,0.0,24.939,24.939,5.389,0.142
weekdays,summer,Summer,66,4,0.0,0.0,0.0,0.0,0.0,24.924,24.924,5.37,0.142
weekdays,summer,Summer,66,5,0.0,0.0,0.0,0.0,0.0,24.939,24.939,5.541,0.142
weekdays,summer,Summer,66,6,55.709,237.818,29.97,36322.876,31170.637,25.106,25.817,5.865,0.142
weekdays,summer,Summer,66,7,218.705,448.394,71.742,200552.531,189482.595,25.409,28.479,6.067,0.142
weekdays,summer,Summer,66,8,413.84,547.803,117.167,401986.855,383779.3,25.682,31.459,6.117,0.142
weekdays,summer,Summer,66,9,576.653,551.985,175.667,548900.183,525486.904,25.985,33.94,6.111,0.142
weekdays,summer,Summer,66,10,758.258,647.379,196.227,710099.695,680974.477,26.348,36.761,6.083,0.142
weekdays,summer,Summer,66,11,866.407,666.667,225.818,801226.535,746044.986,26.545,38.611,6.044,0.142
weekdays,summer,Summer,66,12,898.576,667.045,234.515,827199.045,749741.066,26.712,39.166,6.03,0.142
weekdays,summer,Summer,66,13,899.191,722.924,197.985,829388.354,766007.647,26.788,39.395,6.08,0.142
weekdays,summer,Summer,66,14,788.001,684.742,180.742,734869.507,704866.596,26.788,37.662,6.15,0.142
weekdays,summer,Summer,66,15,642.105,637.439,162.348,609187.533,583638.034,26.576,35.252,6.291,0.142
weekdays,summer,Summer,66,16,449.13,540.894,139.061,434019.015,414676.433,26.439,32.425,6.474,0.142
weekdays,summer,Summer,66,17,263.801,483.5,89.0,246451.64,233755.316,26.167,29.599,6.614,0.142
weekdays,summer,Summer,66,18,81.301,286.788,40.682,59098.639,53040.976,25.879,26.847,6.652,0.142
weekdays,summer,Summer,66,19,0.0,0.0,0.0,0.0,0.0,25.667,25.667,6.63,0.142
weekdays,summer,Summer,66,20,0.0,0.0,0.0,0.0,0.0,25.591,25.591,6.577,0.142
weekdays,summer,Summer,66,21,0.0,0.0,0.0,0.0,0.0,25.47,25.47,6.459,0.142
weekdays,summer,Summer,66,22,0.0,0.0,0.0,0.0,0.0,25.455,25.455,6.262,0.142
weekdays,summer,Summer,66,23,0.0,0.0,0.0,0.0,0.0,25.348,25.348,6.005,0.142
weekdays,fall,Fall,65,0,0.0,0.0,0.0,0.0,0.0,25.123,25.123,5.028,0.146
weekdays,fall,Fall,65,1,0.0,0.0,0.0,0.0,0.0,25.015,25.015,4.917,0.146
weekdays,fall,Fall,65,2,0.0,0.0,0.0,0.0,0.0,24.923,24.923,4.848,0.146
weekdays,fall,Fall,65,3,0.0,0.0,0.0,0.0,0.0,24.831,24.831,4.798,0.146
weekdays,fall,Fall,65,4,0.0,0.0,0.0,0.0,0.0,24.8,24.8,4.791,0.146
weekdays,fall,Fall,65,5,0.0,0.0,0.0,0.0,0.0,24.831,24.831,4.852,0.146
weekdays,fall,Fall,65,6,4.334,19.862,3.631,1976.762,870.093,24.892,18.403,5.135,0.146
weekdays,fall,Fall,65,7,127.46,334.277,51.785,107026.543,99286.698,25.169,26.963,5.546,0.146
weekdays,fall,Fall,65,8,291.826,417.323,104.892,280119.643,266230.328,25.431,29.633,5.785,0.146
weekdays,fall,Fall,65,9,457.168,449.385,178.554,438249.285,418756.808,25.631,32.305,5.862,0.146
weekdays,fall,Fall,65,10,578.295,449.662,236.677,544974.077,521699.916,26.015,34.571,5.809,0.146
weekdays,fall,Fall,65,11,677.449,492.354,261.923,632204.66,604027.421,26.231,36.268,5.638,0.146
weekdays,fall,Fall,65,12,730.628,568.477,243.185,680311.706,645464.267,26.354,37.38,5.442,0.146
weekdays,fall,Fall,65,13,660.394,524.646,230.477,617095.704,590020.314,26.354,36.422,5.309,0.146
weekdays,fall,Fall,65,14,561.239,501.831,200.185,530655.275,507888.486,26.354,34.827,5.297,0.146
weekdays,fall,Fall,65,15,421.263,453.985,158.662,403437.171,385178.226,26.308,32.746,5.3,0.146
weekdays,fall,Fall,65,16,239.971,384.585,92.492,224763.1,212835.287,26.123,29.694,5.372,0.146
weekdays,fall,Fall,65,17,81.847,242.985,41.215,63111.051,56911.213,25.831,26.931,5.431,0.146
weekdays,fall,Fall,65,18,1.752,9.6,1.4,772.864,326.278,25.538,23.527,5.489,0.146
weekdays,fall,Fall,65,19,0.0,0.0,0.0,0.0,0.0,25.446,25.446,5.562,0.146
weekdays,fall,Fall,65,20,0.0,0.0,0.0,0.0,0.0,25.4,25.4,5.568,0.146
weekdays,fall,Fall,65,21,0.0,0.0,0.0,0.0,0.0,25.354,25.354,5.514,0.146
weekdays,fall,Fall,65,22,0.0,0.0,0.0,0.0,0.0,25.323,25.323,5.392,0.146
weekdays,fall,Fall,65,23,0.0,0.0,0.0,0.0,0.0,25.185,25.185,5.218,0.146
all_days,winter,Winter,90,0,0.0,0.0,0.0,0.0,0.0,23.022,23.022,5.272,0.141
all_days,winter,Winter,90,1,0.0,0.0,0.0,0.0,0.0,22.933,22.933,5.174,0.141
all_days,winter,Winter,90,2,0.0,0.0,0.0,0.0,0.0,22.9,22.9,5.121,0.141
all_days,winter,Winter,90,3,0.0,0.0,0.0,0.0,0.0,22.856,22.856,5.11,0.141
all_days,winter,Winter,90,4,0.0,0.0,0.0,0.0,0.0,22.833,22.833,5.149,0.141
all_days,winter,Winter,90,5,0.0,0.0,0.0,0.0,0.0,22.856,22.856,5.251,0.141
all_days,winter,Winter,90,6,0.0,0.0,0.0,0.0,0.0,22.9,22.9,5.38,0.141
all_days,winter,Winter,90,7,40.654,177.544,25.911,24083.257,19508.269,23.022,23.271,5.681,0.141
all_days,winter,Winter,90,8,191.323,386.656,76.9,173775.615,163654.492,23.4,26.235,5.983,0.141
all_days,winter,Winter,90,9,341.223,434.611,132.578,331037.97,315344.416,23.556,28.79,6.094,0.141
all_days,winter,Winter,90,10,496.813,516.722,172.644,479276.205,458329.981,23.678,31.139,6.063,0.141
all_days,winter,Winter,90,11,571.816,487.089,221.611,544029.03,520788.356,23.922,32.697,5.913,0.141
all_days,winter,Winter,90,12,616.801,516.856,223.3,583386.71,558739.562,24.056,33.738,5.747,0.141
all_days,winter,Winter,90,13,590.575,509.644,213.3,559265.356,535484.799,24.144,33.554,5.64,0.141
all_days,winter,Winter,90,14,489.806,439.833,204.467,468329.977,447771.621,24.189,31.936,5.597,0.141
all_days,winter,Winter,90,15,385.542,445.656,150.9,372633.64,355466.186,24.111,30.215,5.609,0.141
all_days,winter,Winter,90,16,214.731,338.178,96.433,200548.761,189478.959,23.911,27.315,5.587,0.141
all_days,winter,Winter,90,17,71.331,210.433,39.856,54182.058,48375.603,23.7,24.804,5.512,0.141
all_days,winter,Winter,90,18,0.0,0.0,0.0,0.0,0.0,23.578,20.456,5.504,0.141
all_days,winter,Winter,90,19,0.0,0.0,0.0,0.0,0.0,23.411,23.411,5.564,0.141
all_days,winter,Winter,90,20,0.0,0.0,0.0,0.0,0.0,23.333,23.333,5.592,0.141
all_days,winter,Winter,90,21,0.0,0.0,0.0,0.0,0.0,23.278,23.278,5.601,0.141
all_days,winter,Winter,90,22,0.0,0.0,0.0,0.0,0.0,23.167,23.167,5.546,0.141
all_days,winter,Winter,90,23,0.0,0.0,0.0,0.0,0.0,23.111,23.111,5.392,0.141
all_days,spring,Spring,92,0,0.0,0.0,0.0,0.0,0.0,23.196,23.196,4.214,0.145
all_days,spring,Spring,92,1,0.0,0.0,0.0,0.0,0.0,23.087,23.087,4.102,0.145
all_days,spring,Spring,92,2,0.0,0.0,0.0,0.0,0.0,22.967,22.967,4.026,0.145
all_days,spring,Spring,92,3,0.0,0.0,0.0,0.0,0.0,22.902,22.902,3.988,0.145
all_days,spring,Spring,92,4,0.0,0.0,0.0,0.0,0.0,22.87,22.87,3.996,0.145
all_days,spring,Spring,92,5,0.0,0.0,0.0,0.0,0.0,22.891,22.891,4.127,0.145
all_days,spring,Spring,92,6,31.49,104.989,18.87,21881.971,18683.806,23.011,21.407,4.454,0.145
all_days,spring,Spring,92,7,180.318,351.685,74.467,163441.294,153704.797,23.348,26.647,4.789,0.145
all_days,spring,Spring,92,8,382.028,495.304,129.576,369322.605,352272.474,23.533,30.27,4.936,0.145
all_days,spring,Spring,92,9,552.695,508.685,199.587,526012.56,503410.281,23.815,33.471,4.973,0.145
all_days,spring,Spring,92,10,703.819,537.989,249.88,656334.809,629114.694,24.076,36.512,4.903,0.145
all_days,spring,Spring,92,11,795.184,549.957,281.891,732359.383,690569.495,24.283,38.468,4.71,0.145
all_days,spring,Spring,92,12,827.928,557.598,289.554,758912.646,702433.165,24.489,39.379,4.515,0.145
all_days,spring,Spring,92,13,796.073,553.946,275.913,730420.61,684889.378,24.663,39.34,4.42,0.145
all_days,spring,Spring,92,14,725.163,578.707,233.261,673934.797,646091.045,24.674,37.91,4.448,0.145
all_days,spring,Spring,92,15,572.201,525.826,199.326,542102.198,518929.799,24.587,34.883,4.53,0.145
all_days,spring,Spring,92,16,404.704,488.283,148.576,391640.053,373799.126,24.38,31.526,4.668,0.145
all_days,spring,Spring,92,17,213.327,410.304,86.63,194461.872,183607.752,24.196,27.933,4.748,0.145
all_days,spring,Spring,92,18,33.415,109.641,23.098,21368.054,16931.659,24.033,23.047,4.766,0.145
all_days,spring,Spring,92,19,0.0,0.0,0.0,0.0,0.0,23.793,23.793,4.788,0.145
all_days,spring,Spring,92,20,0.0,0.0,0.0,0.0,0.0,23.641,23.641,4.79,0.145
all_days,spring,Spring,92,21,0.0,0.0,0.0,0.0,0.0,23.533,23.533,4.739,0.145
all_days,spring,Spring,92,22,0.0,0.0,0.0,0.0,0.0,23.402,23.402,4.599,0.145
all_days,spring,Spring,92,23,0.0,0.0,0.0,0.0,0.0,23.304,23.304,4.39,0.145
all_days,summer,Summer,92,0,0.0,0.0,0.0,0.0,0.0,25.228,25.228,5.643,0.142
all_days,summer,Summer,92,1,0.0,0.0,0.0,0.0,0.0,25.12,25.12,5.484,0.142
all_days,summer,Summer,92,2,0.0,0.0,0.0,0.0,0.0,25.043,25.043,5.385,0.142
all_days,summer,Summer,92,3,0.0,0.0,0.0,0.0,0.0,24.957,24.957,5.335,0.142
all_days,summer,Summer,92,4,0.0,0.0,0.0,0.0,0.0,24.946,24.946,5.326,0.142
all_days,summer,Summer,92,5,0.0,0.0,0.0,0.0,0.0,24.957,24.957,5.509,0.142
all_days,summer,Summer,92,6,55.8,235.196,30.5,36466.367,31281.238,25.109,25.821,5.842,0.142
all_days,summer,Summer,92,7,216.711,441.38,71.902,198841.83,187832.511,25.38,28.433,6.053,0.142
all_days,summer,Summer,92,8,412.746,539.011,121.304,400827.73,382661.247,25.652,31.417,6.118,0.142
all_days,summer,Summer,92,9,565.787,524.75,185.315,538266.715,515230.223,25.957,33.77,6.123,0.142
all_days,summer,Summer,92,10,731.389,593.337,216.174,684598.241,656376.64,26.293,36.365,6.079,0.142
all_days,summer,Summer,92,11,847.833,627.033,245.033,783694.889,730999.81,26.511,38.376,6.007,0.142
all_days,summer,Summer,92,12,882.221,654.587,230.109,811936.75,734337.36,26.674,39.011,5.961,0.142
all_days,summer,Summer,92,13,888.625,701.065,208.402,818914.935,756974.182,26.761,39.417,5.975,0.142
all_days,summer,Summer,92,14,756.004,613.87,211.348,704159.786,675245.043,26.772,37.397,6.012,0.142
all_days,summer,Summer,92,15,637.535,630.783,162.75,603845.073,578484.879,26.609,35.529,6.125,0.142
all_days,summer,Summer,92,16,449.545,539.728,140.087,433967.126,414626.382,26.446,32.645,6.28,0.142
all_days,summer,Summer,92,17,261.178,476.587,88.489,243973.845,231365.319,26.163,29.66,6.412,0.142
all_days,summer,Summer,92,18,81.613,287.446,40.815,59389.164,53321.207,25.87,26.865,6.449,0.142
all_days,summer,Summer,92,19,0.0,0.0,0.0,0.0,0.0,25.685,25.685,6.418,0.142
all_days,summer,Summer,92,20,0.0,0.0,0.0,0.0,0.0,25.576,25.576,6.364,0.142
all_days,summer,Summer,92,21,0.0,0.0,0.0,0.0,0.0,25.478,25.478,6.251,0.142
all_days,summer,Summer,92,22,0.0,0.0,0.0,0.0,0.0,25.467,25.467,6.085,0.142
all_days,summer,Summer,92,23,0.0,0.0,0.0,0.0,0.0,25.37,25.37,5.877,0.142
all_days,fall,Fall,91,0,0.0,0.0,0.0,0.0,0.0,25.132,25.132,5.209,0.146
all_days,fall,Fall,91,1,0.0,0.0,0.0,0.0,0.0,25.022,25.022,5.092,0.146
all_days,fall,Fall,91,2,0.0,0.0,0.0,0.0,0.0,24.923,24.923,5.012,0.146
all_days,fall,Fall,91,3,0.0,0.0,0.0,0.0,0.0,24.846,24.846,4.949,0.146
all_days,fall,Fall,91,4,0.0,0.0,0.0,0.0,0.0,24.813,24.813,4.94,0.146
all_days,fall,Fall,91,5,0.0,0.0,0.0,0.0,0.0,24.835,24.835,5.0,0.146
all_days,fall,Fall,91,6,4.685,21.253,3.923,2148.008,983.005,24.89,18.074,5.288,0.146
all_days,fall,Fall,91,7,134.422,354.099,53.879,113017.161,105060.447,25.165,27.026,5.691,0.146
all_days,fall,Fall,91,8,304.047,432.176,110.022,292125.501,277810.771,25.44,29.731,5.913,0.146
all_days,fall,Fall,91,9,461.492,446.846,183.495,442565.075,422919.672,25.637,32.227,5.977,0.146
all_days,fall,Fall,91,10,596.865,487.451,226.176,563445.325,539516.654,25.978,34.574,5.909,0.146
all_days,fall,Fall,91,11,691.071,511.242,258.495,645474.357,616671.337,26.22,36.255,5.734,0.146
all_days,fall,Fall,91,12,748.908,600.143,232.242,697656.667,660814.422,26.396,37.464,5.545,0.146
all_days,fall,Fall,91,13,678.602,538.681,234.912,634164.206,606263.432,26.407,36.574,5.425,0.146
all_days,fall,Fall,91,14,591.801,551.67,190.374,559818.602,536018.441,26.396,35.184,5.423,0.146
all_days,fall,Fall,91,15,431.215,481.154,153.912,413458.433,394844.394,26.352,32.757,5.452,0.146
all_days,fall,Fall,91,16,239.611,380.22,93.945,224510.716,212591.846,26.11,29.59,5.533,0.146
all_days,fall,Fall,91,17,85.66,255.088,42.143,66331.388,60017.44,25.813,26.934,5.59,0.146
all_days,fall,Fall,91,18,2.148,11.56,1.703,948.027,440.782,25.593,23.593,5.633,0.146
all_days,fall,Fall,91,19,0.0,0.0,0.0,0.0,0.0,25.495,25.495,5.698,0.146
all_days,fall,Fall,91,20,0.0,0.0,0.0,0.0,0.0,25.451,25.451,5.71,0.146
all_days,fall,Fall,91,21,0.0,0.0,0.0,0.0,0.0,25.385,25.385,5.665,0.146
all_days,fall,Fall,91,22,0.0,0.0,0.0,0.0,0.0,25.297,25.297,5.544,0.146
all_days,fall,Fall,91,23,0.0,0.0,0.0,0.0,0.0,25.176,25.176,5.365,0.146
